
<gmi:MI_Metadata xmlns:xlink="http://www.w3.org/1999/xlink"
                 xmlns:gmd="http://www.isotc211.org/2005/gmd"
                 xmlns:gco="http://www.isotc211.org/2005/gco"
                 xmlns:gml="http://www.opengis.net/gml/3.2"
                 xmlns:gmi="http://www.isotc211.org/2005/gmi">
   <gmd:fileIdentifier>
      <gco:CharacterString>cb_2014_12_tract_500k.shp.iso.xml</gco:CharacterString>
   </gmd:fileIdentifier>
   <gmd:language>
      <gco:CharacterString>eng</gco:CharacterString>
   </gmd:language>
   <gmd:characterSet>
      <gmd:MD_CharacterSetCode codeList="http://www.isotc211.org/2005/resources/Codelist/gmxCodelists.xml#MD_CharacterSetCode"
                               codeListValue="8859part1"
                               codeSpace="006">8859part1</gmd:MD_CharacterSetCode>
   </gmd:characterSet>
   <!-- This part represents a link to the Series Collection File -->
<gmd:parentIdentifier>
      <gco:CharacterString>Series Information for the 2014 Cartographic Boundary File, State-County-Census Tract , 1:500,000</gco:CharacterString>
   </gmd:parentIdentifier>
   <gmd:hierarchyLevel>
      <gmd:MD_ScopeCode codeList="http://www.isotc211.org/2005/resources/Codelist/gmxCodelists.xml#MD_ScopeCode"
                        codeListValue="dataset">
dataset
</gmd:MD_ScopeCode>
   </gmd:hierarchyLevel>
   <gmd:contact xlink:href="https://www.ngdc.noaa.gov/docucomp/c5ceb003-1ed6-4126-8a16-bc08ce8fc267"
                xlink:title="U.S. Department of Commerce, U.S. Census Bureau, Geography Division, Geographic Products Branch"/>
   <gmd:dateStamp>
      <gco:Date>2015-05</gco:Date>
   </gmd:dateStamp>
   <gmd:metadataStandardName>
      <gco:CharacterString>ISO 19115 Geographic Information - Metadata </gco:CharacterString>
   </gmd:metadataStandardName>
   <gmd:metadataStandardVersion>
      <gco:CharacterString>2009-02-15 </gco:CharacterString>
   </gmd:metadataStandardVersion>
   <gmd:dataSetURI>
      <gco:CharacterString>http://www2.census.gov/geo/tiger/GENZ2014/shp/cb_2014_12_tract_500k.zip</gco:CharacterString>
   </gmd:dataSetURI>
   <!-- This is the ptvctinf/sdtsterm/sdtstype from section 3 of the FGDC Standard (Spatial Data Organization) -->
<gmd:spatialRepresentationInfo>
      <gmd:MD_VectorSpatialRepresentation>
         <gmd:geometricObjects>
            <gmd:MD_GeometricObjects>
               <gmd:geometricObjectType>
                  <gmd:MD_GeometricObjectTypeCode codeList="http://www.isotc211.org/2005/resources/Codelist/gmxCodelists.xml#MD_GeometricObjectTypeCode"
                                                  codeListValue="complex"
                                                  codeSpace="001">
                                                complex </gmd:MD_GeometricObjectTypeCode>
               </gmd:geometricObjectType>
               <gmd:geometricObjectCount>
                  <gco:Integer>4215</gco:Integer>
               </gmd:geometricObjectCount>
            </gmd:MD_GeometricObjects>
         </gmd:geometricObjects>
      </gmd:MD_VectorSpatialRepresentation>
   </gmd:spatialRepresentationInfo>
   <!--This is the indirect spatial reference of section 3 of the FGDC Standard-->
<gmd:referenceSystemInfo>
      <gmd:MD_ReferenceSystem>
         <gmd:referenceSystemIdentifier>
            <gmd:RS_Identifier>
               <gmd:code gco:nilReason="unknown"/>
               <gmd:codeSpace>
                  <gco:CharacterString>INCITS (formerly FIPS) codes</gco:CharacterString>
               </gmd:codeSpace>
            </gmd:RS_Identifier>
         </gmd:referenceSystemIdentifier>
      </gmd:MD_ReferenceSystem>
   </gmd:referenceSystemInfo>
   <!-- This part represents Section 1 of the FGDC Metadata Standard -->
<gmd:identificationInfo>
      <gmd:MD_DataIdentification>
         <gmd:citation>
            <gmd:CI_Citation>
               <gmd:title>
                  <gco:CharacterString>2014 Cartographic Boundary File, State-County-Census Tract for Florida, 1:500,000</gco:CharacterString>
               </gmd:title>
               <gmd:date>
                  <gmd:CI_Date>
<!-- This is the publication date -->
<gmd:date>
                        <gco:Date>201505</gco:Date>
                     </gmd:date>
                     <gmd:dateType>
                        <gmd:CI_DateTypeCode codeList="http://www.isotc211.org/2005/resources/Codelist/gmxCodelists.xml#CI_DateTypeCode"
                                             codeListValue="publication"
                                             codeSpace="002"> publication </gmd:CI_DateTypeCode>
                     </gmd:dateType>
                  </gmd:CI_Date>
               </gmd:date>
               <gmd:citedResponsibleParty xlink:href="https://www.ngdc.noaa.gov/docucomp/ddd21bfb-2229-465b-95b2-bee36200b0e5"
                                          xlink:title="originator - U.S. Department of Commerce, U.S. Census Bureau, Geography Division/Cartographic Products Branch"/>
            </gmd:CI_Citation>
         </gmd:citation>
         <gmd:abstract>
            <gco:CharacterString>The 2014 cartographic boundary shapefiles are simplified representations of selected geographic areas from the U.S. Census Bureau's Master Address File / Topologically Integrated Geographic Encoding and Referencing (MAF/TIGER) Database (MTDB). These boundary files are specifically designed for small-scale thematic mapping. When possible, generalization is performed with the intent to maintain the hierarchical relationships among geographies and to maintain the alignment of geographies within a file set for a given year. Geographic areas may not align with the same areas from another year. Some geographies are available as nation-based files while others are available only as state-based files.

Census tracts are small, relatively permanent statistical subdivisions of a county or equivalent entity, and were defined by local participants as part of the 2010 Census Participant Statistical Areas Program.  The Census Bureau delineated the census tracts in situations where no local participant existed or where all the potential participants declined to participate.  The primary purpose of census tracts is to provide a stable set of geographic units for the presentation of census data and comparison back to previous decennial censuses.  Census tracts generally have a population size between 1,200 and 8,000 people, with an optimum size of 4,000 people.  When first delineated, census tracts were designed to be homogeneous with respect to population characteristics, economic status, and living conditions.  The spatial size of census tracts varies widely depending on the density of settlement.  Physical changes in street patterns caused by highway construction, new development, and so forth, may require boundary revisions.  In addition, census tracts occasionally are split due to population growth, or combined as a result of substantial population decline.  Census tract boundaries generally follow visible and identifiable features.  They may follow legal boundaries such as minor civil division (MCD) or incorporated place boundaries in some States and situations to allow for census tract-to-governmental unit relationships where the governmental boundaries tend to remain unchanged between censuses.  State and county boundaries always are census tract boundaries in the standard census geographic hierarchy.  In a few rare instances, a census tract may consist of noncontiguous areas.  These noncontiguous areas may occur where the census tracts are coextensive with all or parts of legal entities that are themselves noncontiguous.  For the 2010 Census, the census tract code range of 9400 through 9499 was enforced for census tracts that include a majority American Indian population according to Census 2000 data and/or their area was primarily covered by federally recognized American Indian reservations and/or off-reservation trust lands; the code range 9800 through 9899 was enforced for those census tracts that contained little or no population and represented a relatively large special land use area such as a National Park, military installation, or a business/industrial park; and the code range 9900 through 9998 was enforced for those census tracts that contained only water area, no land area.</gco:CharacterString>
         </gmd:abstract>
         <gmd:purpose>
            <gco:CharacterString>These files were specifically created to support small-scale thematic mapping.  To improve the appearance of shapes at small scales, areas are represented with fewer vertices than detailed TIGER/Line Shapefiles.  Cartographic boundary files take up less disk space than their ungeneralized counterparts.  Cartographic boundary files take less time to render on screen than TIGER/Line Shapefiles.  You can join this file with table data downloaded from American FactFinder by using the AFFGEOID field in the cartographic boundary file.  If detailed boundaries are required, please use the TIGER/Line Shapefiles instead of the generalized cartographic boundary files.</gco:CharacterString>
         </gmd:purpose>
         <gmd:pointOfContact xlink:href="https://www.ngdc.noaa.gov/docucomp/09b8253a-e2dc-4a6b-a905-11f1e0e87b3b"
                             xlink:title="pointOfContact - U.S. Department of Commerce, U.S. Census Bureau, Geography Division"/>
         <gmd:resourceMaintenance>
            <gmd:MD_MaintenanceInformation>
               <gmd:maintenanceAndUpdateFrequency>
                  <gmd:MD_MaintenanceFrequencyCode codeList="http://www.isotc211.org/2005/resources/Codelist/gmxCodelists.xml#MD_MaintenanceFrequencyCode"
                                                   codeListValue="notPlanned"
                                                   codeSpace="011">
                         notPlanned
                </gmd:MD_MaintenanceFrequencyCode>
               </gmd:maintenanceAndUpdateFrequency>
            </gmd:MD_MaintenanceInformation>
         </gmd:resourceMaintenance>
         <gmd:descriptiveKeywords>
            <gmd:MD_Keywords>
               <gmd:keyword>
                  <gco:CharacterString>Boundaries</gco:CharacterString>
               </gmd:keyword>
               <gmd:type>
                  <gmd:MD_KeywordTypeCode codeList="http://www.isotc211.org/2005/resources/Codelist/gmxCodelists.xml#MD_KeywordTypeCode"
                                          codeListValue="theme"
                                          codeSpace="005"> theme </gmd:MD_KeywordTypeCode>
               </gmd:type>
               <gmd:thesaurusName>
                  <gmd:CI_Citation>
                     <gmd:title>
                        <gco:CharacterString>ISO 19115 Topic Categories</gco:CharacterString>
                     </gmd:title>
                     <gmd:date gco:nilReason="unknown"/>
                  </gmd:CI_Citation>
               </gmd:thesaurusName>
            </gmd:MD_Keywords>
         </gmd:descriptiveKeywords>
         <gmd:descriptiveKeywords>
            <gmd:MD_Keywords>
               <gmd:keyword>
                  <gco:CharacterString>2014</gco:CharacterString>
               </gmd:keyword>
               <gmd:keyword>
                  <gco:CharacterString>SHP</gco:CharacterString>
               </gmd:keyword>
               <gmd:keyword>
                  <gco:CharacterString>Cartographic Boundary</gco:CharacterString>
               </gmd:keyword>
               <gmd:keyword>
                  <gco:CharacterString>Census Tract</gco:CharacterString>
               </gmd:keyword>
               <gmd:keyword>
                  <gco:CharacterString>County</gco:CharacterString>
               </gmd:keyword>
               <gmd:keyword>
                  <gco:CharacterString>Generalized</gco:CharacterString>
               </gmd:keyword>
               <gmd:keyword>
                  <gco:CharacterString>State</gco:CharacterString>
               </gmd:keyword>
               <gmd:type>
                  <gmd:MD_KeywordTypeCode codeList="http://www.isotc211.org/2005/resources/Codelist/gmxCodelists.xml#MD_KeywordTypeCode"
                                          codeListValue="theme"
                                          codeSpace="005"> theme </gmd:MD_KeywordTypeCode>
               </gmd:type>
               <gmd:thesaurusName>
                  <gmd:CI_Citation>
                     <gmd:title>
                        <gco:CharacterString>None</gco:CharacterString>
                     </gmd:title>
                     <gmd:date gco:nilReason="unknown"/>
                  </gmd:CI_Citation>
               </gmd:thesaurusName>
            </gmd:MD_Keywords>
         </gmd:descriptiveKeywords>
         <gmd:descriptiveKeywords>
            <gmd:MD_Keywords>
               <gmd:keyword>
                  <gco:CharacterString>Florida</gco:CharacterString>
               </gmd:keyword>
               <gmd:keyword>
                  <gco:CharacterString>FL</gco:CharacterString>
               </gmd:keyword>
               <gmd:type>
                  <gmd:MD_KeywordTypeCode codeList="http://www.isotc211.org/2005/resources/Codelist/gmxCodelists.xml#MD_KeywordTypeCode"
                                          codeListValue="place"
                                          codeSpace="002"> place </gmd:MD_KeywordTypeCode>
               </gmd:type>
               <gmd:thesaurusName>
                  <gmd:CI_Citation>
                     <gmd:title>
                        <gco:CharacterString>ANSI INCITS 38:2009 (Formerly FIPS 5-2), ANSI INCITS 31:2009 (Formerly FIPS 6-4),ANSI INCITS 454:2009 (Formerly FIPS 8-6), ANSI INCITS 455:2009(Formerly FIPS 9-1), ANSI INCITS 446:2008 (Geographic Names Information System (GNIS)) 
 
</gco:CharacterString>
                     </gmd:title>
                     <gmd:date gco:nilReason="unknown"/>
                  </gmd:CI_Citation>
               </gmd:thesaurusName>
            </gmd:MD_Keywords>
         </gmd:descriptiveKeywords>
         <gmd:resourceConstraints>
            <gmd:MD_LegalConstraints>
               <gmd:accessConstraints>
                  <gmd:MD_RestrictionCode codeList="http://www.isotc211.org/2005/resources/Codelist/gmxCodelists.xml#MD_RestrictionCode"
                                          codeListValue="otherRestrictions"
                                          codeSpace="008 "> otherRestrictions </gmd:MD_RestrictionCode>
               </gmd:accessConstraints>
               <gmd:useConstraints>
                  <gmd:MD_RestrictionCode codeList="http://www.isotc211.org/2005/resources/Codelist/gmxCodelists.xml#MD_RestrictionCode"
                                          codeListValue="otherRestrictions"
                                          codeSpace="008 "/>
               </gmd:useConstraints>
               <gmd:otherConstraints>
                  <gco:CharacterString> Access Constraints: None</gco:CharacterString>
               </gmd:otherConstraints>
               <gmd:otherConstraints>
                  <gco:CharacterString> Use Constraints:The intended display scale for this file is 1:500,000.  This file should not be displayed at scales larger than 1:500,000.

These products are free to use in a product or publication, however acknowledgement must be given to the U.S. Census Bureau as the source.  The boundary information is for visual display at appropriate small scales only.  Cartographic boundary files should not be used for geographic analysis including area or perimeter calculation.  Files should not be used for geocoding addresses.  Files should not be used for determining precise geographic area relationships.
</gco:CharacterString>
               </gmd:otherConstraints>
            </gmd:MD_LegalConstraints>
         </gmd:resourceConstraints>
            <!-- This is from the Direct Spatial Reference from Chapter 3 -->
            <gmd:spatialRepresentationType>
            <gmd:MD_SpatialRepresentationTypeCode codeList="http://www.isotc211.org/2005/resources/Codelist/gmxCodelists.xml#MD_SpatialRepresentationTypeCode"
                                                  codeListValue="vector">vector</gmd:MD_SpatialRepresentationTypeCode>
         </gmd:spatialRepresentationType>
         <gmd:language>
            <gco:CharacterString>eng</gco:CharacterString>
         </gmd:language>
         <gmd:characterSet>
            <gmd:MD_CharacterSetCode codeList="http://www.isotc211.org/2005/resources/Codelist/gmxCodelists.xml#MD_CharacterSetCode"
                                     codeListValue="8859part1"
                                     codeSpace="006">8859part1</gmd:MD_CharacterSetCode>
         </gmd:characterSet>
         <gmd:environmentDescription>
            <gco:CharacterString>The cartographic boundary files contain geographic data only and do not include display mapping software or statistical data.  For information on how to use cartographic boundary file data with specific software package users shall contact the company that produced the software.</gco:CharacterString>
         </gmd:environmentDescription>
         <gmd:extent>
            <gmd:EX_Extent id="boundingExtent">
               <gmd:geographicElement>
                  <gmd:EX_GeographicBoundingBox id="boundingGeographicBoundingBox">
                     <gmd:westBoundLongitude>
                        <gco:Decimal>-87.634938</gco:Decimal>
                     </gmd:westBoundLongitude>
                     <gmd:eastBoundLongitude>
                        <gco:Decimal>-80.031362</gco:Decimal>
                     </gmd:eastBoundLongitude>
                     <gmd:southBoundLatitude>
                        <gco:Decimal>24.523096</gco:Decimal>
                     </gmd:southBoundLatitude>
                     <gmd:northBoundLatitude>
                        <gco:Decimal>31.000888</gco:Decimal>
                     </gmd:northBoundLatitude>
                  </gmd:EX_GeographicBoundingBox>
               </gmd:geographicElement>
               <gmd:temporalElement>
                  <gmd:EX_TemporalExtent id="boundingTemporalExtent">
                     <gmd:extent>
                        <gml:TimePeriod gml:id="boundingTemporalExtentA">
                           <gml:description>publication date</gml:description>
                           <gml:beginPosition>2015-05</gml:beginPosition>
                           <gml:endPosition>2015-05</gml:endPosition>
                        </gml:TimePeriod>
                     </gmd:extent>
                  </gmd:EX_TemporalExtent>
               </gmd:temporalElement>
            </gmd:EX_Extent>
         </gmd:extent>
      </gmd:MD_DataIdentification>
   </gmd:identificationInfo>
   <!--This section provides the link for the file containing the Entity and Attribute Information. -->
<gmd:contentInfo>
      <gmd:MD_FeatureCatalogueDescription>
         <gmd:includedWithDataset>
            <gco:Boolean>true</gco:Boolean>
         </gmd:includedWithDataset>
         <gmd:featureTypes>
            <gco:LocalName codeSpace="unknown">County-Census Tract </gco:LocalName>
         </gmd:featureTypes>
         <gmd:featureCatalogueCitation>
            <gmd:CI_Citation>
               <gmd:title>
                  <gco:CharacterString>Feature Catalog for the 2014   State-County-Census Tract  1:500,000  Cartographic Boundary File</gco:CharacterString>
               </gmd:title>
               <gmd:date>
                  <gmd:CI_Date>
                     <gmd:date gco:nilReason="missing"/>
                     <gmd:dateType>
                        <gmd:CI_DateTypeCode codeList="http://www.isotc211.org/2005/resources/Codelist/gmxCodelists.xml#CI_DateTypeCode"
                                             codeListValue="publication"
                                             codeSpace="002"/>
                     </gmd:dateType>
                  </gmd:CI_Date>
               </gmd:date>
               <gmd:citedResponsibleParty xlink:href="https://www.ngdc.noaa.gov/docucomp/1df27e57-4768-42de-909b-52f530601fba"
                                          xlink:title="U.S Department of Commerce, U.S Census Bureau, Geography Division (distributor)"/>
               <gmd:otherCitationDetails>
                  <gco:CharacterString>http://meta.geo.census.gov/data/existing/decennial/GEO/CPMB/boundary/2014gz/tract_500k/2014_tract_500k.ea.iso.xml</gco:CharacterString>
               </gmd:otherCitationDetails>
            </gmd:CI_Citation>
         </gmd:featureCatalogueCitation>
      </gmd:MD_FeatureCatalogueDescription>
   </gmd:contentInfo>
   <gmd:distributionInfo>
      <gmd:MD_Distribution>
         <gmd:distributionFormat>
            <gmd:MD_Format>
               <gmd:name>
                  <gco:CharacterString>SHP</gco:CharacterString>
               </gmd:name>
               <gmd:version gco:nilReason="unknown"/>
               <gmd:fileDecompressionTechnique>
                  <gco:CharacterString>The cartographic boundary files contain geographic data only and do not include display mapping software or statistical data.  For information on how to use cartographic boundary file data with specific software package users shall contact the company that produced the software.</gco:CharacterString>
               </gmd:fileDecompressionTechnique>
            </gmd:MD_Format>
         </gmd:distributionFormat>
         <gmd:distributionFormat>
            <gmd:MD_Format>
               <gmd:name>
                  <gco:CharacterString>html</gco:CharacterString>
               </gmd:name>
               <gmd:version gco:nilReason="unknown"/>
            </gmd:MD_Format>
         </gmd:distributionFormat>
         <gmd:distributor>
            <gmd:MD_Distributor>
               <gmd:distributorContact xlink:href="https://www.ngdc.noaa.gov/docucomp/f48e4893-a57f-4f2b-ad5d-0cca1b34ec62"
                                       xlink:title="U.S Department of Commerce, U.S Census Bureau, Geography Division, Geographic Products Branch (distributor)"/>
               <gmd:distributionOrderProcess>
                  <gmd:MD_StandardOrderProcess>
                     <gmd:fees>
                        <gco:CharacterString>The online cartographic boundary files may be downloaded without charge.</gco:CharacterString>
                     </gmd:fees>
                     <gmd:orderingInstructions>
                        <gco:CharacterString>To obtain more information about ordering Cartographic Boundary Files visit http://www.census.gov/geo/www/tiger.</gco:CharacterString>
                     </gmd:orderingInstructions>
                  </gmd:MD_StandardOrderProcess>
               </gmd:distributionOrderProcess>
            </gmd:MD_Distributor>
         </gmd:distributor>
         <gmd:transferOptions>
            <gmd:MD_DigitalTransferOptions>
               <gmd:onLine>
                  <gmd:CI_OnlineResource>
                     <gmd:linkage>
                        <gmd:URL>http://www2.census.gov/geo/tiger/GENZ2014/shp/cb_2014_12_tract_500k.zip</gmd:URL>
                     </gmd:linkage>
                     <gmd:name>
                        <gco:CharacterString>Shapefile Zip File</gco:CharacterString>
                     </gmd:name>
                  </gmd:CI_OnlineResource>
               </gmd:onLine>
            </gmd:MD_DigitalTransferOptions>
         </gmd:transferOptions>
         <gmd:transferOptions>
            <gmd:MD_DigitalTransferOptions>
               <gmd:onLine>
                  <gmd:CI_OnlineResource>
                     <gmd:linkage>
                        <gmd:URL>http://www.census.gov/geo/maps-data/data/tiger-cart-boundary.html</gmd:URL>
                     </gmd:linkage>
                     <gmd:name>
                        <gco:CharacterString>Cartographic Boundary Shapefiles</gco:CharacterString>
                     </gmd:name>
                     <gmd:description>
                        <gco:CharacterString>Simplified representations of selected geographic areas from the Census Bureau's MAF/TIGER geographic database</gco:CharacterString>
                     </gmd:description>
                  </gmd:CI_OnlineResource>
               </gmd:onLine>
            </gmd:MD_DigitalTransferOptions>
         </gmd:transferOptions>
      </gmd:MD_Distribution>
   </gmd:distributionInfo>
   <gmd:dataQualityInfo>
      <gmd:DQ_DataQuality>
         <gmd:scope>
            <gmd:DQ_Scope>
               <gmd:level>
                  <gmd:MD_ScopeCode codeList="http://www.isotc211.org/2005/resources/Codelist/gmxCodelists.xml#MD_ScopeCode"
                                    codeListValue="dataset"
                                    codeSpace="005"> dataset </gmd:MD_ScopeCode>
               </gmd:level>
            </gmd:DQ_Scope>
         </gmd:scope>
         <gmd:report>
            <gmd:DQ_AbsoluteExternalPositionalAccuracy>
               <gmd:nameOfMeasure>
                  <gco:CharacterString>Horizontal Positional Accuracy</gco:CharacterString>
               </gmd:nameOfMeasure>
               <gmd:measureDescription>
                  <gco:CharacterString/>
               </gmd:measureDescription>
               <gmd:evaluationMethodDescription>
                  <gco:CharacterString>Data are not accurate. Data are generalized representations of geographic boundaries at 1:500,000.</gco:CharacterString>
               </gmd:evaluationMethodDescription>
               <gmd:result>
                  <gmd:DQ_QuantitativeResult>
                     <gmd:valueUnit>
                        <gml:BaseUnit gml:id="meters">
                           <gml:identifier codeSpace="meters ">
                                          meters</gml:identifier>
                           <gml:unitsSystem xlink:href="http://www.bipm.org/en/si/ "/>
                        </gml:BaseUnit>
                     </gmd:valueUnit>
                     <gmd:value>
                        <gco:Record>Missing </gco:Record>
                     </gmd:value>
                  </gmd:DQ_QuantitativeResult>
               </gmd:result>
            </gmd:DQ_AbsoluteExternalPositionalAccuracy>
         </gmd:report>
         <gmd:report>
            <gmd:DQ_CompletenessCommission>
               <gmd:result gco:nilReason="unknown"/>
            </gmd:DQ_CompletenessCommission>
         </gmd:report>
         <gmd:report>
            <gmd:DQ_CompletenessOmission>
               <gmd:evaluationMethodDescription>
                  <gco:CharacterString>The cartographic boundary files are generalized representations of extracts taken from the MAF/TIGER Database. Generalized boundary files are clipped to a simplified version of the U.S. outline. As a result, some off-shore areas may be excluded from the generalized files. Some small holes or discontiguous parts of areas are not included in generalized files.</gco:CharacterString>
               </gmd:evaluationMethodDescription>
               <gmd:result gco:nilReason="unknown"/>
            </gmd:DQ_CompletenessOmission>
         </gmd:report>
         <gmd:report>
            <gmd:DQ_ConceptualConsistency>
               <gmd:measureDescription>
                  <gco:CharacterString>The Census Bureau performed automated tests to ensure logical consistency of the source database.  Segments making up the outer and inner boundaries of a polygon tie end-to-end to completely enclose the area.  All polygons were tested for closure. The Census Bureau uses its internally developed geographic update system to enhance and modify spatial and attribute data in the Census MAF/TIGER database.  Standard geographic codes, such as INCITS (formerly FIPS) codes for states, counties, municipalities, county subdivisions, places, American Indian/Alaska Native/Native Hawaiian areas, and congressional districts are used when encoding spatial entities.  The Census Bureau performed spatial data tests for logical consistency of the codes during the compilation of the original Census MAF/TIGER database files.  Feature attribute information has been examined but has not been fully tested for consistency.

For the cartographic boundary files, the Point and Vector Object Count for the G-polygon SDTS Point and Vector Object Type reflects the number of records in the file's data table.  For multi-polygon features, only one attribute record exists for each multi-polygon rather than one attribute record per individual G-polygon component of the multi-polygon feature.  Cartographic Boundary File multi-polygons are an exception to the G-polygon object type classification.  Therefore, when multi-polygons exist in a file, the object count will be less than the actual number of G-polygons.</gco:CharacterString>
               </gmd:measureDescription>
               <gmd:result gco:nilReason="unknown"/>
            </gmd:DQ_ConceptualConsistency>
         </gmd:report>
         <gmd:lineage>
            <gmd:LI_Lineage>
               <gmd:processStep>
                  <gmd:LI_ProcessStep>
                     <gmd:description>
                        <gco:CharacterString>Spatial data were extracted from the MAF/TIGER database and processed through a U.S. Census Bureau batch generalization system.</gco:CharacterString>
                     </gmd:description>
                     <gmd:dateTime>
                        <gco:DateTime>2015-05-01T00:00:00</gco:DateTime>
                     </gmd:dateTime>
                     <gmd:source>
                        <gmd:LI_Source>
                           <gmd:description>
                              <gco:CharacterString>Geo-spatial Relational Database</gco:CharacterString>
                           </gmd:description>
                           <gmd:sourceCitation>
                              <gmd:CI_Citation>
                                 <gmd:title>
                                    <gco:CharacterString>MAF/TIGER</gco:CharacterString>
                                 </gmd:title>
                                 <gmd:date>
                                    <gmd:CI_Date>
                                       <gmd:date>
                                          <gco:Date>201505</gco:Date>
                                       </gmd:date>
                                       <gmd:dateType>
                                          <gmd:CI_DateTypeCode codeList="http://www.isotc211.org/2005/resources/Codelist/gmxCodelists.xml#CI_DateTypeCode"
                                                               codeListValue="revision"
                                                               codeSpace="003">
                                                revision </gmd:CI_DateTypeCode>
                                       </gmd:dateType>
                                    </gmd:CI_Date>
                                 </gmd:date>
                              </gmd:CI_Citation>
                           </gmd:sourceCitation>
                        </gmd:LI_Source>
                     </gmd:source>
                  </gmd:LI_ProcessStep>
               </gmd:processStep>
            </gmd:LI_Lineage>
         </gmd:lineage>
      </gmd:DQ_DataQuality>
   </gmd:dataQualityInfo>
   <gmd:metadataMaintenance>
      <gmd:MD_MaintenanceInformation>
         <gmd:maintenanceAndUpdateFrequency>
            <gmd:MD_MaintenanceFrequencyCode codeList="http://www.isotc211.org/2005/resources/Codelist/gmxCodelists.xml#MD_MaintenanceFrequencyCode"
                                             codeListValue="notPlanned"
                                             codeSpace="011">
                         notPlanned
                </gmd:MD_MaintenanceFrequencyCode>
         </gmd:maintenanceAndUpdateFrequency>
         <gmd:maintenanceNote>
            <gco:CharacterString>This was transformed from the Census Metadata Import Format</gco:CharacterString>
         </gmd:maintenanceNote>
         <gmd:contact xlink:href="https://www.ngdc.noaa.gov/docucomp/B04DFA5D-40CD-B677-E040-0AC8C5BB4473"
                      xlink:title=" U.S. Department of Commerce, U.S. Census Bureau, Geography Division, Geographic Products Branch (custodian)"/>
      </gmd:MD_MaintenanceInformation>
   </gmd:metadataMaintenance>
</gmi:MI_Metadata>